country,category,category_id,pages,total_results,videos,distinct_channels,shorts,short_channels,error
US,(generale),,4,200,199,199,17,17,
US,Film & Animation,1,4,200,200,200,197,197,
US,Autos & Vehicles,2,4,200,200,200,183,183,
US,Music,10,1,30,30,28,13,12,
US,Pets & Animals,15,4,200,200,200,197,197,
US,Sports,17,4,200,200,200,190,190,
US,Travel & Events,19,0,,0,0,0,0,HTTP 404
US,Gaming,20,3,137,137,137,6,6,
US,People & Blogs,22,2,90,90,90,8,8,
US,Comedy,23,4,200,200,200,196,196,
US,Entertainment,24,4,200,200,200,200,200,
US,News & Politics,25,4,196,193,193,67,67,
US,Howto & Style,26,4,200,200,200,196,196,
US,Education,27,0,,0,0,0,0,HTTP 404
US,Tech,28,4,200,200,200,121,121,
US,Nonprofits,29,1,1,1,1,1,1,
IT,(generale),,4,200,199,199,24,24,
IT,Film & Animation,1,4,200,199,199,194,194,
IT,Autos & Vehicles,2,4,200,200,200,188,188,
IT,Music,10,1,30,30,28,12,10,
IT,Pets & Animals,15,4,200,200,200,199,199,
IT,Sports,17,4,200,200,200,176,176,
IT,Travel & Events,19,0,,0,0,0,0,HTTP 404
IT,Gaming,20,2,100,99,99,2,2,
IT,People & Blogs,22,1,6,6,6,0,0,
IT,Comedy,23,4,200,199,199,196,196,
IT,Entertainment,24,4,200,200,200,198,198,
IT,News & Politics,25,4,200,200,200,39,39,
IT,Howto & Style,26,4,200,200,200,199,199,
IT,Education,27,0,,0,0,0,0,HTTP 404
IT,Tech,28,4,189,189,189,136,136,
IT,Nonprofits,29,1,1,1,1,1,1,
GB,(generale),,4,200,200,200,17,17,
GB,Film & Animation,1,4,200,200,200,195,195,
GB,Autos & Vehicles,2,4,200,200,200,163,163,
GB,Music,10,1,30,30,29,14,13,
GB,Pets & Animals,15,4,200,200,200,199,199,
GB,Sports,17,4,200,200,200,183,183,
GB,Travel & Events,19,0,,0,0,0,0,HTTP 404
GB,Gaming,20,3,132,131,131,4,4,
GB,People & Blogs,22,2,86,86,86,6,6,
GB,Comedy,23,4,200,200,200,195,195,
GB,Entertainment,24,4,200,200,200,197,197,
GB,News & Politics,25,4,182,182,182,48,48,
GB,Howto & Style,26,4,200,200,200,193,193,
GB,Education,27,0,,0,0,0,0,HTTP 404
GB,Tech,28,4,200,200,200,109,109,
GB,Nonprofits,29,1,1,1,1,0,0,
DE,(generale),,4,200,200,200,16,16,
DE,Film & Animation,1,4,200,200,200,184,184,
DE,Autos & Vehicles,2,4,200,200,200,180,180,
DE,Music,10,1,30,30,29,15,14,
DE,Pets & Animals,15,4,200,200,200,199,199,
DE,Sports,17,4,200,200,200,184,184,
DE,Travel & Events,19,0,,0,0,0,0,HTTP 404
DE,Gaming,20,3,121,121,121,2,2,
DE,People & Blogs,22,2,82,82,82,12,12,
DE,Comedy,23,4,200,200,200,195,195,
DE,Entertainment,24,4,200,200,200,189,189,
DE,News & Politics,25,3,145,145,145,65,65,
DE,Howto & Style,26,4,200,200,200,196,196,
DE,Education,27,0,,0,0,0,0,HTTP 404
DE,Tech,28,4,200,200,200,133,133,
DE,Nonprofits,29,0,,0,0,0,0,HTTP 404
FR,(generale),,4,200,200,200,21,21,
FR,Film & Animation,1,4,200,200,200,191,191,
FR,Autos & Vehicles,2,4,200,200,200,173,173,
FR,Music,10,1,30,30,28,15,14,
FR,Pets & Animals,15,4,200,200,200,198,198,
FR,Sports,17,4,200,200,200,177,177,
FR,Travel & Events,19,0,,0,0,0,0,HTTP 404
FR,Gaming,20,4,153,152,152,3,3,
FR,People & Blogs,22,1,40,40,40,1,1,
FR,Comedy,23,4,200,199,199,194,194,
FR,Entertainment,24,4,200,200,200,194,194,
FR,News & Politics,25,4,159,158,158,53,53,
FR,Howto & Style,26,4,200,200,200,195,195,
FR,Education,27,0,,0,0,0,0,HTTP 404
FR,Tech,28,4,200,200,200,146,146,
FR,Nonprofits,29,0,,0,0,0,0,HTTP 404
ES,(generale),,4,200,199,199,21,21,
ES,Film & Animation,1,4,200,200,200,195,195,
ES,Autos & Vehicles,2,4,200,200,200,180,180,
ES,Music,10,1,30,30,27,6,6,
ES,Pets & Animals,15,4,200,200,200,200,200,
ES,Sports,17,4,200,200,200,187,187,
ES,Travel & Events,19,0,,0,0,0,0,HTTP 404
ES,Gaming,20,3,113,112,112,3,3,
ES,People & Blogs,22,2,58,58,58,3,3,
ES,Comedy,23,4,200,200,200,196,196,
ES,Entertainment,24,4,200,200,200,193,193,
ES,News & Politics,25,4,200,200,200,75,75,
ES,Howto & Style,26,4,200,200,200,198,198,
ES,Education,27,0,,0,0,0,0,HTTP 404
ES,Tech,28,4,200,199,199,151,151,
ES,Nonprofits,29,0,,0,0,0,0,HTTP 404
BR,(generale),,4,200,198,198,12,12,
BR,Film & Animation,1,4,200,200,200,200,200,
BR,Autos & Vehicles,2,4,200,200,200,192,192,
BR,Music,10,1,30,30,24,8,8,
BR,Pets & Animals,15,4,200,200,200,200,200,
BR,Sports,17,4,200,200,200,181,181,
BR,Travel & Events,19,0,,0,0,0,0,HTTP 404
BR,Gaming,20,4,160,158,158,3,3,
BR,People & Blogs,22,1,9,9,9,0,0,
BR,Comedy,23,4,200,200,200,199,199,
BR,Entertainment,24,4,200,200,200,199,199,
BR,News & Politics,25,3,141,141,141,55,55,
BR,Howto & Style,26,4,200,200,200,198,198,
BR,Education,27,0,,0,0,0,0,HTTP 404
BR,Tech,28,4,175,175,175,129,129,
BR,Nonprofits,29,1,1,1,1,1,1,
JP,(generale),,4,200,200,200,17,17,
JP,Film & Animation,1,4,200,200,200,196,196,
JP,Autos & Vehicles,2,4,200,200,200,131,131,
JP,Music,10,1,30,30,26,3,3,
JP,Pets & Animals,15,4,200,200,200,193,193,
JP,Sports,17,4,200,200,200,192,192,
JP,Travel & Events,19,0,,0,0,0,0,HTTP 404
JP,Gaming,20,3,128,128,128,2,2,
JP,People & Blogs,22,1,2,2,2,1,1,
JP,Comedy,23,4,200,200,200,197,197,
JP,Entertainment,24,4,200,200,200,199,199,
JP,News & Politics,25,2,85,85,85,28,28,
JP,Howto & Style,26,4,200,200,200,195,195,
JP,Education,27,0,,0,0,0,0,HTTP 404
JP,Tech,28,3,116,116,116,55,55,
JP,Nonprofits,29,0,,0,0,0,0,HTTP 404
IN,(generale),,4,200,196,196,23,23,
IN,Film & Animation,1,4,187,187,187,172,172,
IN,Autos & Vehicles,2,1,31,31,31,18,18,
IN,Music,10,1,30,30,26,3,3,
IN,Pets & Animals,15,3,103,101,101,82,82,
IN,Sports,17,2,77,71,71,36,36,
IN,Travel & Events,19,0,,0,0,0,0,HTTP 404
IN,Gaming,20,3,119,116,116,1,1,
IN,People & Blogs,22,1,10,10,10,1,1,
IN,Comedy,23,4,200,200,200,182,182,
IN,Entertainment,24,4,200,200,200,190,190,
IN,News & Politics,25,2,66,66,66,55,55,
IN,Howto & Style,26,4,200,200,200,186,186,
IN,Education,27,0,,0,0,0,0,HTTP 404
IN,Tech,28,2,60,60,60,42,42,
IN,Nonprofits,29,0,,0,0,0,0,HTTP 404
CA,(generale),,4,200,200,200,29,29,
CA,Film & Animation,1,4,200,200,200,192,192,
CA,Autos & Vehicles,2,4,200,200,200,172,172,
CA,Music,10,1,30,30,24,16,11,
CA,Pets & Animals,15,4,200,200,200,197,197,
CA,Sports,17,4,200,200,200,188,188,
CA,Travel & Events,19,0,,0,0,0,0,HTTP 404
CA,Gaming,20,4,173,172,172,7,7,
CA,People & Blogs,22,2,72,72,72,4,4,
CA,Comedy,23,4,200,200,200,191,191,
CA,Entertainment,24,4,200,200,200,195,195,
CA,News & Politics,25,4,164,164,164,35,35,
CA,Howto & Style,26,4,200,200,200,191,191,
CA,Education,27,0,,0,0,0,0,HTTP 404
CA,Tech,28,4,200,200,200,107,107,
CA,Nonprofits,29,1,1,1,1,0,0,
AU,(generale),,4,200,200,200,31,31,
AU,Film & Animation,1,4,200,200,200,196,196,
AU,Autos & Vehicles,2,4,200,200,200,153,153,
AU,Music,10,1,30,30,26,11,10,
AU,Pets & Animals,15,4,200,200,200,196,196,
AU,Sports,17,4,200,200,200,185,185,
AU,Travel & Events,19,0,,0,0,0,0,HTTP 404
AU,Gaming,20,4,152,151,151,5,5,
AU,People & Blogs,22,1,46,46,46,3,3,
AU,Comedy,23,4,200,200,200,192,192,
AU,Entertainment,24,4,200,200,200,196,196,
AU,News & Politics,25,4,185,185,185,33,33,
AU,Howto & Style,26,4,200,200,200,188,188,
AU,Education,27,0,,0,0,0,0,HTTP 404
AU,Tech,28,4,200,200,200,98,98,
AU,Nonprofits,29,1,1,1,1,0,0,
MX,(generale),,4,200,199,199,23,23,
MX,Film & Animation,1,4,200,200,200,195,195,
MX,Autos & Vehicles,2,4,200,200,200,191,191,
MX,Music,10,1,30,30,28,6,6,
MX,Pets & Animals,15,4,200,200,200,197,197,
MX,Sports,17,4,200,200,200,183,183,
MX,Travel & Events,19,0,,0,0,0,0,HTTP 404
MX,Gaming,20,4,153,151,151,4,4,
MX,People & Blogs,22,1,9,9,9,3,3,
MX,Comedy,23,4,200,200,200,196,196,
MX,Entertainment,24,4,200,200,200,197,197,
MX,News & Politics,25,3,141,140,140,53,53,
MX,Howto & Style,26,4,200,200,200,198,198,
MX,Education,27,0,,0,0,0,0,HTTP 404
MX,Tech,28,4,186,185,185,134,134,
MX,Nonprofits,29,0,,0,0,0,0,HTTP 404
AR,(generale),,4,200,200,200,12,12,
AR,Film & Animation,1,4,200,200,200,198,198,
AR,Autos & Vehicles,2,4,200,200,200,175,175,
AR,Music,10,1,30,30,30,6,6,
AR,Pets & Animals,15,4,200,200,200,199,199,
AR,Sports,17,4,200,200,200,191,191,
AR,Travel & Events,19,0,,0,0,0,0,HTTP 404
AR,Gaming,20,3,136,135,135,4,4,
AR,People & Blogs,22,1,12,12,12,2,2,
AR,Comedy,23,4,200,200,200,198,198,
AR,Entertainment,24,4,200,200,200,195,195,
AR,News & Politics,25,4,160,160,160,48,48,
AR,Howto & Style,26,4,200,200,200,199,199,
AR,Education,27,0,,0,0,0,0,HTTP 404
AR,Tech,28,4,180,179,179,133,133,
AR,Nonprofits,29,0,,0,0,0,0,HTTP 404
KR,(generale),,4,200,200,200,21,21,
KR,Film & Animation,1,4,200,200,200,199,199,
KR,Autos & Vehicles,2,4,200,199,199,166,166,
KR,Music,10,1,30,30,22,6,5,
KR,Pets & Animals,15,4,200,200,200,195,195,
KR,Sports,17,4,200,199,199,194,194,
KR,Travel & Events,19,0,,0,0,0,0,HTTP 404
KR,Gaming,20,3,113,113,113,3,3,
KR,People & Blogs,22,1,9,9,9,0,0,
KR,Comedy,23,4,200,200,200,199,199,
KR,Entertainment,24,4,200,200,200,196,196,
KR,News & Politics,25,3,111,110,110,36,36,
KR,Howto & Style,26,4,200,200,200,171,171,
KR,Education,27,0,,0,0,0,0,HTTP 404
KR,Tech,28,3,144,140,140,87,87,
KR,Nonprofits,29,0,,0,0,0,0,HTTP 404
NL,(generale),,4,200,199,199,30,30,
NL,Film & Animation,1,4,200,200,200,184,184,
NL,Autos & Vehicles,2,4,200,200,200,174,174,
NL,Music,10,1,30,30,29,12,12,
NL,Pets & Animals,15,4,200,200,200,198,198,
NL,Sports,17,4,200,200,200,188,188,
NL,Travel & Events,19,0,,0,0,0,0,HTTP 404
NL,Gaming,20,3,111,110,110,6,6,
NL,People & Blogs,22,1,29,29,29,5,5,
NL,Comedy,23,4,200,199,199,195,195,
NL,Entertainment,24,4,200,200,200,190,190,
NL,News & Politics,25,4,193,193,193,58,58,
NL,Howto & Style,26,4,200,200,200,184,184,
NL,Education,27,0,,0,0,0,0,HTTP 404
NL,Tech,28,4,200,200,200,135,135,
NL,Nonprofits,29,0,,0,0,0,0,HTTP 404
PL,(generale),,4,200,197,197,48,48,
PL,Film & Animation,1,4,200,200,200,191,191,
PL,Autos & Vehicles,2,4,200,200,200,167,167,
PL,Music,10,1,30,30,26,18,16,
PL,Pets & Animals,15,4,200,200,200,198,198,
PL,Sports,17,4,200,200,200,185,185,
PL,Travel & Events,19,0,,0,0,0,0,HTTP 404
PL,Gaming,20,3,105,102,102,5,5,
PL,People & Blogs,22,1,11,11,11,3,3,
PL,Comedy,23,4,200,199,199,195,195,
PL,Entertainment,24,4,200,200,200,195,195,
PL,News & Politics,25,3,149,149,149,29,29,
PL,Howto & Style,26,4,200,200,200,181,181,
PL,Education,27,0,,0,0,0,0,HTTP 404
PL,Tech,28,4,198,198,198,136,136,
PL,Nonprofits,29,0,,0,0,0,0,HTTP 404
SE,(generale),,4,200,199,199,18,18,
SE,Film & Animation,1,4,200,200,200,190,190,
SE,Autos & Vehicles,2,4,200,200,200,157,157,
SE,Music,10,1,30,30,28,8,8,
SE,Pets & Animals,15,4,200,200,200,197,197,
SE,Sports,17,4,200,200,200,190,190,
SE,Travel & Events,19,0,,0,0,0,0,HTTP 404
SE,Gaming,20,3,105,104,104,5,5,
SE,People & Blogs,22,1,15,15,15,0,0,
SE,Comedy,23,4,200,199,199,196,196,
SE,Entertainment,24,4,200,200,200,194,194,
SE,News & Politics,25,4,168,168,168,21,21,
SE,Howto & Style,26,4,200,200,200,174,174,
SE,Education,27,0,,0,0,0,0,HTTP 404
SE,Tech,28,3,150,150,150,95,95,
SE,Nonprofits,29,0,,0,0,0,0,HTTP 404
NO,(generale),,4,200,199,199,31,31,
NO,Film & Animation,1,4,200,200,200,188,188,
NO,Autos & Vehicles,2,4,200,200,200,150,150,
NO,Music,10,1,18,18,16,6,4,
NO,Pets & Animals,15,4,200,200,200,198,198,
NO,Sports,17,4,200,200,200,187,187,
NO,Travel & Events,19,0,,0,0,0,0,HTTP 404
NO,Gaming,20,3,118,117,117,5,5,
NO,People & Blogs,22,1,3,3,3,0,0,
NO,Comedy,23,4,200,199,199,192,192,
NO,Entertainment,24,4,200,199,199,196,196,
NO,News & Politics,25,3,113,113,113,12,12,
NO,Howto & Style,26,4,200,200,200,187,187,
NO,Education,27,0,,0,0,0,0,HTTP 404
NO,Tech,28,2,70,70,70,52,52,
NO,Nonprofits,29,0,,0,0,0,0,HTTP 404
FI,(generale),,4,200,199,199,38,38,
FI,Film & Animation,1,4,200,200,200,194,194,
FI,Autos & Vehicles,2,4,200,200,200,155,155,
FI,Music,10,1,29,29,24,13,11,
FI,Pets & Animals,15,4,200,200,200,199,199,
FI,Sports,17,4,200,200,200,183,183,
FI,Travel & Events,19,0,,0,0,0,0,HTTP 404
FI,Gaming,20,2,98,97,97,8,8,
FI,People & Blogs,22,1,5,5,5,0,0,
FI,Comedy,23,4,200,199,199,190,190,
FI,Entertainment,24,4,200,199,199,195,195,
FI,News & Politics,25,2,83,83,83,10,10,
FI,Howto & Style,26,4,200,200,200,161,161,
FI,Education,27,0,,0,0,0,0,HTTP 404
FI,Tech,28,2,71,71,71,53,53,
FI,Nonprofits,29,0,,0,0,0,0,HTTP 404
DK,(generale),,4,200,200,200,30,30,
DK,Film & Animation,1,4,200,200,200,181,181,
DK,Autos & Vehicles,2,4,200,200,200,153,153,
DK,Music,10,1,22,22,20,7,5,
DK,Pets & Animals,15,4,200,200,200,197,197,
DK,Sports,17,4,200,200,200,185,185,
DK,Travel & Events,19,0,,0,0,0,0,HTTP 404
DK,Gaming,20,3,106,105,105,4,4,
DK,People & Blogs,22,1,6,6,6,0,0,
DK,Comedy,23,4,200,199,199,193,193,
DK,Entertainment,24,4,200,200,200,191,191,
DK,News & Politics,25,2,93,93,93,13,13,
DK,Howto & Style,26,4,200,200,200,151,151,
DK,Education,27,0,,0,0,0,0,HTTP 404
DK,Tech,28,2,69,69,69,50,50,
DK,Nonprofits,29,0,,0,0,0,0,HTTP 404
ZA,(generale),,4,200,199,199,15,15,
ZA,Film & Animation,1,4,200,199,199,186,186,
ZA,Autos & Vehicles,2,4,200,199,199,175,175,
ZA,Music,10,1,30,30,21,1,1,
ZA,Pets & Animals,15,4,200,200,200,196,196,
ZA,Sports,17,4,200,199,199,189,189,
ZA,Travel & Events,19,0,,0,0,0,0,HTTP 404
ZA,Gaming,20,2,93,92,92,0,0,
ZA,People & Blogs,22,1,35,35,35,2,2,
ZA,Comedy,23,4,200,199,199,186,186,
ZA,Entertainment,24,4,200,199,199,193,193,
ZA,News & Politics,25,4,187,187,187,22,22,
ZA,Howto & Style,26,4,200,199,199,189,189,
ZA,Education,27,0,,0,0,0,0,HTTP 404
ZA,Tech,28,3,145,145,145,108,108,
ZA,Nonprofits,29,0,,0,0,0,0,HTTP 404
TR,(generale),,4,200,200,200,45,45,
TR,Film & Animation,1,4,200,199,199,180,180,
TR,Autos & Vehicles,2,4,200,200,200,195,195,
TR,Music,10,1,30,30,30,13,13,
TR,Pets & Animals,15,4,200,200,200,200,200,
TR,Sports,17,4,190,190,190,172,172,
TR,Travel & Events,19,0,,0,0,0,0,HTTP 404
TR,Gaming,20,2,91,90,90,1,1,
TR,People & Blogs,22,1,18,18,18,14,14,
TR,Comedy,23,4,200,200,200,200,200,
TR,Entertainment,24,4,200,200,200,185,185,
TR,News & Politics,25,2,96,96,96,22,22,
TR,Howto & Style,26,4,200,200,200,192,192,
TR,Education,27,0,,0,0,0,0,HTTP 404
TR,Tech,28,4,187,187,187,144,144,
TR,Nonprofits,29,0,,0,0,0,0,HTTP 404
CH,(generale),,4,200,200,200,51,51,
CH,Film & Animation,1,4,200,200,200,177,177,
CH,Autos & Vehicles,2,4,200,200,200,170,170,
CH,Music,10,1,30,30,28,10,9,
CH,Pets & Animals,15,4,200,200,200,199,199,
CH,Sports,17,4,200,200,200,180,180,
CH,Travel & Events,19,0,,0,0,0,0,HTTP 404
CH,Gaming,20,3,106,106,106,5,5,
CH,People & Blogs,22,1,17,17,17,1,1,
CH,Comedy,23,4,200,199,199,187,187,
CH,Entertainment,24,4,200,200,200,190,190,
CH,News & Politics,25,4,178,177,177,24,24,
CH,Howto & Style,26,4,200,200,200,192,192,
CH,Education,27,0,,0,0,0,0,HTTP 404
CH,Tech,28,3,134,134,134,83,83,
CH,Nonprofits,29,0,,0,0,0,0,HTTP 404
AT,(generale),,4,200,199,199,27,27,
AT,Film & Animation,1,4,200,200,200,182,182,
AT,Autos & Vehicles,2,4,200,200,200,169,169,
AT,Music,10,1,30,30,27,12,10,
AT,Pets & Animals,15,4,200,200,200,200,200,
AT,Sports,17,4,200,200,200,182,182,
AT,Travel & Events,19,0,,0,0,0,0,HTTP 404
AT,Gaming,20,4,200,199,199,11,11,
AT,People & Blogs,22,1,18,18,18,2,2,
AT,Comedy,23,4,200,199,199,193,193,
AT,Entertainment,24,4,200,200,200,185,185,
AT,News & Politics,25,3,143,143,143,27,27,
AT,Howto & Style,26,4,200,200,200,195,195,
AT,Education,27,0,,0,0,0,0,HTTP 404
AT,Tech,28,3,115,115,115,77,77,
AT,Nonprofits,29,0,,0,0,0,0,HTTP 404
BE,(generale),,4,200,199,199,23,23,
BE,Film & Animation,1,4,200,200,200,183,183,
BE,Autos & Vehicles,2,4,200,200,200,166,166,
BE,Music,10,1,30,30,28,8,8,
BE,Pets & Animals,15,4,200,200,200,198,198,
BE,Sports,17,4,200,200,200,185,185,
BE,Travel & Events,19,0,,0,0,0,0,HTTP 404
BE,Gaming,20,3,120,119,119,3,3,
BE,People & Blogs,22,1,16,16,16,0,0,
BE,Comedy,23,4,200,199,199,192,192,
BE,Entertainment,24,4,200,200,200,185,185,
BE,News & Politics,25,4,182,182,182,31,31,
BE,Howto & Style,26,4,200,200,200,188,188,
BE,Education,27,0,,0,0,0,0,HTTP 404
BE,Tech,28,3,106,106,106,81,81,
BE,Nonprofits,29,0,,0,0,0,0,HTTP 404
PT,(generale),,4,200,200,200,43,43,
PT,Film & Animation,1,4,200,200,200,197,197,
PT,Autos & Vehicles,2,4,200,200,200,174,174,
PT,Music,10,1,30,30,28,10,10,
PT,Pets & Animals,15,4,200,200,200,199,199,
PT,Sports,17,4,200,200,200,178,178,
PT,Travel & Events,19,0,,0,0,0,0,HTTP 404
PT,Gaming,20,2,99,98,98,3,3,
PT,People & Blogs,22,1,5,5,5,0,0,
PT,Comedy,23,4,200,200,200,191,191,
PT,Entertainment,24,4,200,200,200,197,197,
PT,News & Politics,25,3,140,140,140,14,14,
PT,Howto & Style,26,4,200,200,200,190,190,
PT,Education,27,0,,0,0,0,0,HTTP 404
PT,Tech,28,3,107,107,107,84,84,
PT,Nonprofits,29,0,,0,0,0,0,HTTP 404
IE,(generale),,4,200,200,200,58,58,
IE,Film & Animation,1,4,200,200,200,196,196,
IE,Autos & Vehicles,2,4,200,200,200,155,155,
IE,Music,10,1,30,30,30,9,9,
IE,Pets & Animals,15,4,200,200,200,197,197,
IE,Sports,17,4,200,200,200,177,177,
IE,Travel & Events,19,0,,0,0,0,0,HTTP 404
IE,Gaming,20,3,114,113,113,8,8,
IE,People & Blogs,22,1,12,12,12,1,1,
IE,Comedy,23,4,200,200,200,195,195,
IE,Entertainment,24,4,200,200,200,197,197,
IE,News & Politics,25,4,177,177,177,39,39,
IE,Howto & Style,26,4,200,200,200,190,190,
IE,Education,27,0,,0,0,0,0,HTTP 404
IE,Tech,28,1,48,48,48,35,35,
IE,Nonprofits,29,0,,0,0,0,0,HTTP 404
NZ,(generale),,4,200,200,200,47,47,
NZ,Film & Animation,1,4,200,200,200,191,191,
NZ,Autos & Vehicles,2,4,200,200,200,137,137,
NZ,Music,10,1,30,30,27,10,9,
NZ,Pets & Animals,15,4,200,200,200,198,198,
NZ,Sports,17,4,200,200,200,171,171,
NZ,Travel & Events,19,0,,0,0,0,0,HTTP 404
NZ,Gaming,20,3,102,102,102,3,3,
NZ,People & Blogs,22,1,8,8,8,1,1,
NZ,Comedy,23,4,200,200,200,193,193,
NZ,Entertainment,24,4,200,200,200,198,198,
NZ,News & Politics,25,4,164,164,164,17,17,
NZ,Howto & Style,26,4,200,200,200,184,184,
NZ,Education,27,0,,0,0,0,0,HTTP 404
NZ,Tech,28,2,54,54,54,39,39,
NZ,Nonprofits,29,0,,0,0,0,0,HTTP 404
CL,(generale),,4,200,200,200,18,18,
CL,Film & Animation,1,4,200,200,200,195,195,
CL,Autos & Vehicles,2,4,200,200,200,192,192,
CL,Music,10,1,30,30,29,6,6,
CL,Pets & Animals,15,4,200,200,200,198,198,
CL,Sports,17,4,200,200,200,189,189,
CL,Travel & Events,19,0,,0,0,0,0,HTTP 404
CL,Gaming,20,4,154,153,153,4,4,
CL,People & Blogs,22,1,6,6,6,1,1,
CL,Comedy,23,4,200,200,200,196,196,
CL,Entertainment,24,4,200,200,200,196,196,
CL,News & Politics,25,4,152,152,152,38,38,
CL,Howto & Style,26,4,200,200,200,198,198,
CL,Education,27,0,,0,0,0,0,HTTP 404
CL,Tech,28,4,176,175,175,137,137,
CL,Nonprofits,29,0,,0,0,0,0,HTTP 404
CO,(generale),,4,200,199,199,10,10,
CO,Film & Animation,1,4,200,200,200,194,194,
CO,Autos & Vehicles,2,4,200,200,200,185,185,
CO,Music,10,1,30,30,25,5,5,
CO,Pets & Animals,15,4,200,200,200,199,199,
CO,Sports,17,4,200,200,200,189,189,
CO,Travel & Events,19,0,,0,0,0,0,HTTP 404
CO,Gaming,20,3,142,141,141,3,3,
CO,People & Blogs,22,1,5,5,5,2,2,
CO,Comedy,23,4,200,200,200,196,196,
CO,Entertainment,24,4,200,200,200,196,196,
CO,News & Politics,25,3,113,113,113,48,48,
CO,Howto & Style,26,4,200,200,200,199,199,
CO,Education,27,0,,0,0,0,0,HTTP 404
CO,Tech,28,4,192,191,191,143,143,
CO,Nonprofits,29,0,,0,0,0,0,HTTP 404
PH,(generale),,4,200,198,198,8,8,
PH,Film & Animation,1,4,200,200,200,183,183,
PH,Autos & Vehicles,2,4,200,199,199,195,195,
PH,Music,10,1,30,30,29,3,3,
PH,Pets & Animals,15,4,200,200,200,200,200,
PH,Sports,17,4,200,200,200,187,187,
PH,Travel & Events,19,0,,0,0,0,0,HTTP 404
PH,Gaming,20,2,85,83,83,2,2,
PH,People & Blogs,22,1,8,8,8,0,0,
PH,Comedy,23,4,200,198,198,179,179,
PH,Entertainment,24,4,200,200,200,190,190,
PH,News & Politics,25,2,87,87,87,9,9,
PH,Howto & Style,26,4,200,200,200,184,184,
PH,Education,27,0,,0,0,0,0,HTTP 404
PH,Tech,28,3,144,144,144,91,91,
PH,Nonprofits,29,0,,0,0,0,0,HTTP 404
ID,(generale),,4,200,199,199,9,9,
ID,Film & Animation,1,4,200,200,200,196,196,
ID,Autos & Vehicles,2,4,200,200,200,198,198,
ID,Music,10,1,30,30,25,3,3,
ID,Pets & Animals,15,4,200,200,200,200,200,
ID,Sports,17,4,200,200,200,192,192,
ID,Travel & Events,19,0,,0,0,0,0,HTTP 404
ID,Gaming,20,3,108,105,105,1,1,
ID,People & Blogs,22,1,2,2,2,0,0,
ID,Comedy,23,4,200,200,200,195,195,
ID,Entertainment,24,4,200,200,200,199,199,
ID,News & Politics,25,4,199,198,198,98,98,
ID,Howto & Style,26,4,200,200,200,199,199,
ID,Education,27,0,,0,0,0,0,HTTP 404
ID,Tech,28,4,172,172,172,152,152,
ID,Nonprofits,29,0,,0,0,0,0,HTTP 404
TH,(generale),,4,200,199,199,16,16,
TH,Film & Animation,1,4,200,200,200,169,169,
TH,Autos & Vehicles,2,4,200,200,200,192,192,
TH,Music,10,1,30,30,27,1,1,
TH,Pets & Animals,15,4,200,200,200,198,198,
TH,Sports,17,4,200,200,200,155,155,
TH,Travel & Events,19,0,,0,0,0,0,HTTP 404
TH,Gaming,20,3,111,110,110,1,1,
TH,People & Blogs,22,1,2,2,2,0,0,
TH,Comedy,23,4,200,199,199,193,193,
TH,Entertainment,24,4,200,200,200,193,193,
TH,News & Politics,25,2,80,80,80,36,36,
TH,Howto & Style,26,4,200,200,200,195,195,
TH,Education,27,0,,0,0,0,0,HTTP 404
TH,Tech,28,2,100,100,100,68,68,
TH,Nonprofits,29,0,,0,0,0,0,HTTP 404
VN,(generale),,4,200,200,200,4,4,
VN,Film & Animation,1,4,200,200,200,184,184,
VN,Autos & Vehicles,2,4,200,200,200,199,199,
VN,Music,10,1,30,30,14,0,0,
VN,Pets & Animals,15,4,200,200,200,200,200,
VN,Sports,17,4,200,200,200,176,176,
VN,Travel & Events,19,0,,0,0,0,0,HTTP 404
VN,Gaming,20,2,80,79,79,0,0,
VN,People & Blogs,22,1,1,1,1,1,1,
VN,Comedy,23,4,200,200,200,195,195,
VN,Entertainment,24,4,200,200,200,194,194,
VN,News & Politics,25,3,101,101,101,25,25,
VN,Howto & Style,26,4,200,200,200,199,199,
VN,Education,27,0,,0,0,0,0,HTTP 404
VN,Tech,28,3,135,135,135,106,106,
VN,Nonprofits,29,0,,0,0,0,0,HTTP 404
